HomeBox-8540_5G,	DIRECT-VQDCP-L8410CDW_BR17c0,	HomeBox-8540_2.4G,	Kernehuset,	HUAWEI_H122_7F3B,	HUAWEI_H122_7F4B,	Zyxel_4531,	HUAWEI_H122_5291,	WiFimodem-A5A4,	WiFimodem-EB22,	A70 cuneyt,	Nibarai,	HUAWEI_H122_7F3B,	HUAWEI_H122_7F3B_5G,	Hos Preben 5 GHz,	HUAWEI_H122_5291_5G,	WizardFi,	MuggleFi,	Hogwarts,	HUAWEI-C0C7CE-EXT,	VIOFO-WR1-fceee603f50c,	FTTH_RW9977,	WiFimodem-C513,	DIRECT-8C-HP ENVY 5640 series,	delca,	vitke,	WiFimodem-28B3,	zdani,	HUAWEI-B535-942A,	Mabuse,	HUAWEI_H122_E253,	Hos Preben
HomeBox-8540_5G,	DIRECT-VQDCP-L8410CDW_BR17c0,	HomeBox-8540_2.4G,	Kernehuset,	HUAWEI_H122_7F3B,	HUAWEI_H122_7F4B,	Zyxel_4531,	HUAWEI_H122_5291,	WiFimodem-A5A4,	WiFimodem-EB22,	A70 cuneyt,	Nibarai,	HUAWEI_H122_7F3B,	HUAWEI_H122_7F3B_5G,	Hos Preben 5 GHz,	HUAWEI_H122_5291_5G,	WizardFi,	MuggleFi,	Hogwarts,	HUAWEI-C0C7CE-EXT,	VIOFO-WR1-fceee603f50c,	FTTH_RW9977,	WiFimodem-C513,	DIRECT-8C-HP ENVY 5640 series,	delca,	vitke,	WiFimodem-28B3,	zdani,	HUAWEI-B535-942A,	Mabuse,	HUAWEI_H122_E253,	Hos Preben,	SoveKarsten TV.v,,	3Bredband-2G-A23277
HomeBox-8540_5G,	DIRECT-VQDCP-L8410CDW_BR17c0,	HomeBox-8540_2.4G,	Kernehuset,	HUAWEI_H122_7F3B,	HUAWEI_H122_7F4B,	Zyxel_4531,	HUAWEI_H122_5291,	WiFimodem-A5A4,	WiFimodem-EB22,	Nibarai,	HUAWEI_H122_7F3B,	HUAWEI_H122_7F3B_5G,	WizardFi,	MuggleFi,	Hogwarts,	HUAWEI-C0C7CE-EXT,	VIOFO-WR1-fceee603f50c,	FTTH_RW9977,	WiFimodem-C513,	DIRECT-8C-HP ENVY 5640 series,	delca,	vitke,	WiFimodem-28B3,	zdani,	HUAWEI-B535-942A,	Mabuse,	HUAWEI_H122_E253,	Hos Preben,	SoveKarsten TV.v,,	3Bredband-2G-A23277,	WiFimodem-51EA,	vs-044c53,	MuggleFi,	Ultraviolet.m,,	WizardFi
HomeBox-8540_5G,	DIRECT-VQDCP-L8410CDW_BR17c0,	HomeBox-8540_2.4G,	Kernehuset,	HUAWEI_H122_7F3B,	HUAWEI_H122_7F4B,	Zyxel_4531,	HUAWEI_H122_5291,	WiFimodem-A5A4,	WiFimodem-EB22,	Nibarai,	HUAWEI_H122_7F3B,	HUAWEI_H122_7F3B_5G,	WizardFi,	MuggleFi,	Hogwarts,	HUAWEI-C0C7CE-EXT,	VIOFO-WR1-fceee603f50c,	FTTH_RW9977,	WiFimodem-C513,	DIRECT-8C-HP ENVY 5640 series,	delca,	vitke,	WiFimodem-28B3,	zdani,	HUAWEI-B535-942A,	Mabuse,	HUAWEI_H122_E253,	Hos Preben,	SoveKarsten TV.v,,	3Bredband-2G-A23277,	WiFimodem-51EA,	vs-044c53,	MuggleFi,	Ultraviolet.m,,	WizardFi,	Wifi6D90,	Hogwarts
HomeBox-8540_5G,	DIRECT-VQDCP-L8410CDW_BR17c0,	HomeBox-8540_2.4G,	Kernehuset,	HUAWEI_H122_7F3B,	HUAWEI_H122_7F4B,	Zyxel_4531,	HUAWEI_H122_5291,	WiFimodem-A5A4,	WiFimodem-EB22,	Nibarai,	HUAWEI_H122_7F3B,	HUAWEI_H122_7F3B_5G,	WizardFi,	MuggleFi,	Hogwarts,	HUAWEI-C0C7CE-EXT,	VIOFO-WR1-fceee603f50c,	FTTH_RW9977,	WiFimodem-C513,	DIRECT-8C-HP ENVY 5640 series,	delca,	vitke,	WiFimodem-28B3,	zdani,	HUAWEI-B535-942A,	Mabuse,	HUAWEI_H122_E253,	Hos Preben,	SoveKarsten TV.v,,	3Bredband-2G-A23277,	WiFimodem-51EA,	vs-044c53,	MuggleFi,	Ultraviolet.m,,	WizardFi,	Wifi6D90,	Hogwarts,	WiFimodem-EA25-NIKOO
HomeBox-8540_5G,	DIRECT-VQDCP-L8410CDW_BR17c0,	HomeBox-8540_2.4G,	Kernehuset,	HUAWEI_H122_7F3B,	HUAWEI_H122_7F4B,	Zyxel_4531,	HUAWEI_H122_5291,	WiFimodem-A5A4,	WiFimodem-EB22,	Nibarai,	HUAWEI_H122_7F3B,	HUAWEI_H122_7F3B_5G,	WizardFi,	MuggleFi,	Hogwarts,	HUAWEI-C0C7CE-EXT,	VIOFO-WR1-fceee603f50c,	FTTH_RW9977,	WiFimodem-C513,	DIRECT-8C-HP ENVY 5640 series,	delca,	vitke,	WiFimodem-28B3,	zdani,	HUAWEI-B535-942A,	Mabuse,	HUAWEI_H122_E253,	Hos Preben,	SoveKarsten TV.v,,	3Bredband-2G-A23277,	WiFimodem-51EA,	vs-044c53,	MuggleFi,	Ultraviolet.m,,	WizardFi,	Wifi6D90,	Hogwarts,	WiFimodem-EA25-NIKOO,	TP-Link_6B10,	WiFimodem-1A1D,	Denisova
HomeBox-8540_5G,	DIRECT-VQDCP-L8410CDW_BR17c0,	HomeBox-8540_2.4G,	Kernehuset,	HUAWEI_H122_7F3B,	HUAWEI_H122_7F4B,	Zyxel_4531,	HUAWEI_H122_5291,	WiFimodem-A5A4,	WiFimodem-EB22,	Nibarai,	HUAWEI_H122_7F3B,	HUAWEI_H122_7F3B_5G,	WizardFi,	MuggleFi,	Hogwarts,	HUAWEI-C0C7CE-EXT,	VIOFO-WR1-fceee603f50c,	FTTH_RW9977,	WiFimodem-C513,	DIRECT-8C-HP ENVY 5640 series,	delca,	vitke,	WiFimodem-28B3,	zdani,	HUAWEI-B535-942A,	Mabuse,	HUAWEI_H122_E253,	Hos Preben,	SoveKarsten TV.v,,	3Bredband-2G-A23277,	WiFimodem-51EA,	vs-044c53,	MuggleFi,	Ultraviolet.m,,	WizardFi,	Wifi6D90,	Hogwarts,	WiFimodem-EA25-NIKOO,	TP-Link_6B10,	WiFimodem-1A1D,	Denisova,	WifiA430
HomeBox-8540_5G,	DIRECT-VQDCP-L8410CDW_BR17c0,	HomeBox-8540_2.4G,	Kernehuset,	HUAWEI_H122_7F3B,	HUAWEI_H122_7F4B,	Zyxel_4531,	HUAWEI_H122_5291,	WiFimodem-A5A4,	WiFimodem-EB22,	Nibarai,	HUAWEI_H122_7F3B,	HUAWEI_H122_7F3B_5G,	WizardFi,	MuggleFi,	Hogwarts,	HUAWEI-C0C7CE-EXT,	VIOFO-WR1-fceee603f50c,	FTTH_RW9977,	WiFimodem-C513,	DIRECT-8C-HP ENVY 5640 series,	delca,	vitke,	WiFimodem-28B3,	zdani,	HUAWEI-B535-942A,	Mabuse,	HUAWEI_H122_E253,	Hos Preben,	SoveKarsten TV.v,,	3Bredband-2G-A23277,	WiFimodem-51EA,	vs-044c53,	MuggleFi,	Ultraviolet.m,,	WizardFi,	Wifi6D90,	Hogwarts,	WiFimodem-EA25-NIKOO,	TP-Link_6B10,	WiFimodem-1A1D,	Denisova,	WifiA430,	Hos Preben 5 GHz
HomeBox-8540_5G,	DIRECT-VQDCP-L8410CDW_BR17c0,	HomeBox-8540_2.4G,	Kernehuset,	HUAWEI_H122_7F3B,	HUAWEI_H122_7F4B,	Zyxel_4531,	HUAWEI_H122_5291,	WiFimodem-A5A4,	WiFimodem-EB22,	Nibarai,	HUAWEI_H122_7F3B,	HUAWEI_H122_7F3B_5G,	WizardFi,	MuggleFi,	Hogwarts,	HUAWEI-C0C7CE-EXT,	VIOFO-WR1-fceee603f50c,	FTTH_RW9977,	WiFimodem-C513,	DIRECT-8C-HP ENVY 5640 series,	delca,	vitke,	WiFimodem-28B3,	zdani,	HUAWEI-B535-942A,	Mabuse,	HUAWEI_H122_E253,	Hos Preben,	SoveKarsten TV.v,,	3Bredband-2G-A23277,	WiFimodem-51EA,	vs-044c53,	MuggleFi,	Ultraviolet.m,,	WizardFi,	Wifi6D90,	Hogwarts,	WiFimodem-EA25-NIKOO,	TP-Link_6B10,	WiFimodem-1A1D,	Denisova,	WifiA430,	Hos Preben 5 GHz,	Sovev\xC3\xA6relse.v,,	Zyxel_BAC1,	My VW 8799,	HUAWEI_H122_5291,	HUAWEI_H122_5291_5G
HomeBox-8540_5G,	DIRECT-VQDCP-L8410CDW_BR17c0,	HomeBox-8540_2.4G,	Kernehuset,	HUAWEI_H122_7F3B,	HUAWEI_H122_7F4B,	Zyxel_4531,	HUAWEI_H122_5291,	WiFimodem-A5A4,	WiFimodem-EB22,	Nibarai,	HUAWEI_H122_7F3B,	HUAWEI_H122_7F3B_5G,	WizardFi,	MuggleFi,	Hogwarts,	HUAWEI-C0C7CE-EXT,	VIOFO-WR1-fceee603f50c,	FTTH_RW9977,	WiFimodem-C513,	DIRECT-8C-HP ENVY 5640 series,	delca,	vitke,	WiFimodem-28B3,	zdani,	HUAWEI-B535-942A,	Mabuse,	HUAWEI_H122_E253,	Hos Preben,	SoveKarsten TV.v,,	3Bredband-2G-A23277,	WiFimodem-51EA,	vs-044c53,	MuggleFi,	Ultraviolet.m,,	WizardFi,	Wifi6D90,	Hogwarts,	WiFimodem-EA25-NIKOO,	TP-Link_6B10,	WiFimodem-1A1D,	Denisova,	WifiA430,	Hos Preben 5 GHz,	Sovev\xC3\xA6relse.v,,	Zyxel_BAC1,	My VW 8799,	HUAWEI_H122_5291,	HUAWEI_H122_5291_5G,	Rasmussen
HomeBox-8540_5G,	DIRECT-VQDCP-L8410CDW_BR17c0,	HomeBox-8540_2.4G,	Kernehuset,	HUAWEI_H122_7F3B,	HUAWEI_H122_7F4B,	Zyxel_4531,	HUAWEI_H122_5291,	WiFimodem-A5A4,	WiFimodem-EB22,	Nibarai,	HUAWEI_H122_7F3B,	HUAWEI_H122_7F3B_5G,	WizardFi,	MuggleFi,	Hogwarts,	HUAWEI-C0C7CE-EXT,	VIOFO-WR1-fceee603f50c,	FTTH_RW9977,	WiFimodem-C513,	DIRECT-8C-HP ENVY 5640 series,	delca,	vitke,	WiFimodem-28B3,	zdani,	HUAWEI-B535-942A,	Mabuse,	HUAWEI_H122_E253,	Hos Preben,	SoveKarsten TV.v,,	3Bredband-2G-A23277,	WiFimodem-51EA,	vs-044c53,	MuggleFi,	Ultraviolet.m,,	WizardFi,	Wifi6D90,	Hogwarts,	WiFimodem-EA25-NIKOO,	TP-Link_6B10,	WiFimodem-1A1D,	Denisova,	WifiA430,	Hos Preben 5 GHz,	Sovev\xC3\xA6relse.v,,	Zyxel_BAC1,	My VW 8799,	HUAWEI_H122_5291,	HUAWEI_H122_5291_5G,	Rasmussen
HomeBox-8540_5G,	DIRECT-VQDCP-L8410CDW_BR17c0,	HomeBox-8540_2.4G,	Kernehuset,	HUAWEI_H122_7F3B,	HUAWEI_H122_7F4B,	Zyxel_4531,	HUAWEI_H122_5291,	WiFimodem-A5A4,	WiFimodem-EB22,	Nibarai,	HUAWEI_H122_7F3B,	HUAWEI_H122_7F3B_5G,	WizardFi,	MuggleFi,	Hogwarts,	HUAWEI-C0C7CE-EXT,	VIOFO-WR1-fceee603f50c,	FTTH_RW9977,	WiFimodem-C513,	DIRECT-8C-HP ENVY 5640 series,	delca,	vitke,	WiFimodem-28B3,	zdani,	HUAWEI-B535-942A,	Mabuse,	HUAWEI_H122_E253,	Hos Preben,	SoveKarsten TV.v,,	3Bredband-2G-A23277,	WiFimodem-51EA,	vs-044c53,	MuggleFi,	Ultraviolet.m,,	WizardFi,	Wifi6D90,	Hogwarts,	WiFimodem-EA25-NIKOO,	TP-Link_6B10,	WiFimodem-1A1D,	Denisova,	WifiA430,	Hos Preben 5 GHz,	Sovev\xC3\xA6relse.v,,	Zyxel_BAC1,	My VW 8799,	HUAWEI_H122_5291,	HUAWEI_H122_5291_5G,	Rasmussen
HomeBox-8540_5G,	DIRECT-VQDCP-L8410CDW_BR17c0,	HomeBox-8540_2.4G,	Kernehuset,	HUAWEI_H122_7F3B,	HUAWEI_H122_7F4B,	Zyxel_4531,	HUAWEI_H122_5291,	WiFimodem-A5A4,	WiFimodem-EB22,	Nibarai,	HUAWEI_H122_7F3B,	HUAWEI_H122_7F3B_5G,	WizardFi,	MuggleFi,	Hogwarts,	HUAWEI-C0C7CE-EXT,	VIOFO-WR1-fceee603f50c,	FTTH_RW9977,	WiFimodem-C513,	DIRECT-8C-HP ENVY 5640 series,	delca,	vitke,	WiFimodem-28B3,	zdani,	HUAWEI-B535-942A,	Mabuse,	HUAWEI_H122_E253,	Hos Preben,	SoveKarsten TV.v,,	3Bredband-2G-A23277,	WiFimodem-51EA,	vs-044c53,	MuggleFi,	Ultraviolet.m,,	WizardFi,	Wifi6D90,	Hogwarts,	WiFimodem-EA25-NIKOO,	TP-Link_6B10,	WiFimodem-1A1D,	Denisova,	WifiA430,	Hos Preben 5 GHz,	Sovev\xC3\xA6relse.v,,	Zyxel_BAC1,	My VW 8799,	HUAWEI_H122_5291,	HUAWEI_H122_5291_5G,	Rasmussen,	CableBox-9D22
HomeBox-8540_5G,	DIRECT-VQDCP-L8410CDW_BR17c0,	HomeBox-8540_2.4G,	Kernehuset,	HUAWEI_H122_7F3B,	HUAWEI_H122_7F4B,	Zyxel_4531,	HUAWEI_H122_5291,	WiFimodem-A5A4,	WiFimodem-EB22,	Nibarai,	HUAWEI_H122_7F3B,	HUAWEI_H122_7F3B_5G,	WizardFi,	MuggleFi,	Hogwarts,	HUAWEI-C0C7CE-EXT,	VIOFO-WR1-fceee603f50c,	FTTH_RW9977,	WiFimodem-C513,	DIRECT-8C-HP ENVY 5640 series,	delca,	vitke,	WiFimodem-28B3,	zdani,	HUAWEI-B535-942A,	Mabuse,	HUAWEI_H122_E253,	Hos Preben,	SoveKarsten TV.v,,	3Bredband-2G-A23277,	WiFimodem-51EA,	vs-044c53,	MuggleFi,	Ultraviolet.m,,	WizardFi,	Wifi6D90,	Hogwarts,	WiFimodem-EA25-NIKOO,	TP-Link_6B10,	WiFimodem-1A1D,	Denisova,	WifiA430,	Hos Preben 5 GHz,	Sovev\xC3\xA6relse.v,,	Zyxel_BAC1,	My VW 8799,	HUAWEI_H122_5291,	HUAWEI_H122_5291_5G,	Rasmussen,	CableBox-9D22,	HUAWEI-B535-FFE8
HomeBox-8540_5G,	DIRECT-VQDCP-L8410CDW_BR17c0,	HomeBox-8540_2.4G,	Kernehuset,	HUAWEI_H122_7F3B,	HUAWEI_H122_7F4B,	Zyxel_4531,	HUAWEI_H122_5291,	WiFimodem-A5A4,	WiFimodem-EB22,	Nibarai,	HUAWEI_H122_7F3B,	HUAWEI_H122_7F3B_5G,	WizardFi,	MuggleFi,	Hogwarts,	HUAWEI-C0C7CE-EXT,	FTTH_RW9977,	WiFimodem-C513,	DIRECT-8C-HP ENVY 5640 series,	delca,	vitke,	WiFimodem-28B3,	zdani,	Mabuse,	HUAWEI_H122_E253,	Hos Preben,	SoveKarsten TV.v,,	3Bredband-2G-A23277,	WiFimodem-51EA,	vs-044c53,	MuggleFi,	Ultraviolet.m,,	WizardFi,	Wifi6D90,	Hogwarts,	WiFimodem-EA25-NIKOO,	TP-Link_6B10,	WiFimodem-1A1D,	Denisova,	WifiA430,	Hos Preben 5 GHz,	Sovev\xC3\xA6relse.v,,	Zyxel_BAC1,	My VW 8799,	HUAWEI_H122_5291,	HUAWEI_H122_5291_5G,	Rasmussen,	CableBox-9D22,	HUAWEI-B535-FFE8
HomeBox-8540_5G,	DIRECT-VQDCP-L8410CDW_BR17c0,	HomeBox-8540_2.4G,	Kernehuset,	HUAWEI_H122_7F3B,	HUAWEI_H122_7F4B,	Zyxel_4531,	HUAWEI_H122_5291,	WiFimodem-A5A4,	WiFimodem-EB22,	Nibarai,	HUAWEI_H122_7F3B,	HUAWEI_H122_7F3B_5G,	WizardFi,	MuggleFi,	Hogwarts,	HUAWEI-C0C7CE-EXT,	FTTH_RW9977,	WiFimodem-C513,	DIRECT-8C-HP ENVY 5640 series,	delca,	vitke,	WiFimodem-28B3,	zdani,	Mabuse,	HUAWEI_H122_E253,	Hos Preben,	SoveKarsten TV.v,,	3Bredband-2G-A23277,	WiFimodem-51EA,	vs-044c53,	MuggleFi,	Ultraviolet.m,,	WizardFi,	Wifi6D90,	Hogwarts,	WiFimodem-EA25-NIKOO,	TP-Link_6B10,	WiFimodem-1A1D,	Denisova,	WifiA430,	Hos Preben 5 GHz,	Sovev\xC3\xA6relse.v,,	Zyxel_BAC1,	My VW 8799,	HUAWEI_H122_5291,	HUAWEI_H122_5291_5G,	Rasmussen,	CableBox-9D22,	HUAWEI-B535-FFE8,	Hyggestue TV.m,
HomeBox-8540_5G,	DIRECT-VQDCP-L8410CDW_BR17c0,	HomeBox-8540_2.4G,	Kernehuset,	HUAWEI_H122_7F3B,	HUAWEI_H122_7F4B,	Zyxel_4531,	HUAWEI_H122_5291,	WiFimodem-A5A4,	WiFimodem-EB22,	Nibarai,	HUAWEI_H122_7F3B,	HUAWEI_H122_7F3B_5G,	WizardFi,	MuggleFi,	Hogwarts,	HUAWEI-C0C7CE-EXT,	FTTH_RW9977,	WiFimodem-C513,	DIRECT-8C-HP ENVY 5640 series,	delca,	vitke,	WiFimodem-28B3,	zdani,	Mabuse,	HUAWEI_H122_E253,	Hos Preben,	SoveKarsten TV.v,,	3Bredband-2G-A23277,	WiFimodem-51EA,	vs-044c53,	MuggleFi,	Ultraviolet.m,,	WizardFi,	Wifi6D90,	Hogwarts,	WiFimodem-EA25-NIKOO,	TP-Link_6B10,	WiFimodem-1A1D,	Denisova,	WifiA430,	Hos Preben 5 GHz,	Sovev\xC3\xA6relse.v,,	Zyxel_BAC1,	My VW 8799,	HUAWEI_H122_5291,	HUAWEI_H122_5291_5G,	Rasmussen,	CableBox-9D22,	HUAWEI-B535-FFE8,	Hyggestue TV.m,,	WiFimodem-91EA,	HUAWEI-C0C7CE
HomeBox-8540_5G,	DIRECT-VQDCP-L8410CDW_BR17c0,	HomeBox-8540_2.4G,	Kernehuset,	HUAWEI_H122_7F3B,	HUAWEI_H122_7F4B,	Zyxel_4531,	HUAWEI_H122_5291,	WiFimodem-A5A4,	WiFimodem-EB22,	Nibarai,	HUAWEI_H122_7F3B,	HUAWEI_H122_7F3B_5G,	WizardFi,	MuggleFi,	Hogwarts,	HUAWEI-C0C7CE-EXT,	FTTH_RW9977,	WiFimodem-C513,	DIRECT-8C-HP ENVY 5640 series,	delca,	vitke,	WiFimodem-28B3,	zdani,	Mabuse,	HUAWEI_H122_E253,	Hos Preben,	SoveKarsten TV.v,,	3Bredband-2G-A23277,	WiFimodem-51EA,	vs-044c53,	MuggleFi,	Ultraviolet.m,,	WizardFi,	Wifi6D90,	Hogwarts,	WiFimodem-EA25-NIKOO,	TP-Link_6B10,	WiFimodem-1A1D,	Denisova,	WifiA430,	Hos Preben 5 GHz,	Sovev\xC3\xA6relse.v,,	Zyxel_BAC1,	My VW 8799,	HUAWEI_H122_5291,	HUAWEI_H122_5291_5G,	Rasmussen,	CableBox-9D22,	HUAWEI-B535-FFE8,	Hyggestue TV.m,,	WiFimodem-91EA,	HUAWEI-C0C7CE,	HUAWEI-B535-942A
HomeBox-8540_5G,	DIRECT-VQDCP-L8410CDW_BR17c0,	HomeBox-8540_2.4G,	Kernehuset,	HUAWEI_H122_7F3B,	HUAWEI_H122_7F4B,	Zyxel_4531,	HUAWEI_H122_5291,	WiFimodem-A5A4,	WiFimodem-EB22,	Nibarai,	HUAWEI_H122_7F3B,	HUAWEI_H122_7F3B_5G,	WizardFi,	MuggleFi,	Hogwarts,	HUAWEI-C0C7CE-EXT,	FTTH_RW9977,	WiFimodem-C513,	DIRECT-8C-HP ENVY 5640 series,	delca,	vitke,	WiFimodem-28B3,	zdani,	Mabuse,	HUAWEI_H122_E253,	Hos Preben,	SoveKarsten TV.v,,	3Bredband-2G-A23277,	WiFimodem-51EA,	vs-044c53,	MuggleFi,	Ultraviolet.m,,	WizardFi,	Wifi6D90,	Hogwarts,	WiFimodem-EA25-NIKOO,	TP-Link_6B10,	WiFimodem-1A1D,	Denisova,	WifiA430,	Hos Preben 5 GHz,	Sovev\xC3\xA6relse.v,,	Zyxel_BAC1,	My VW 8799,	HUAWEI_H122_5291,	HUAWEI_H122_5291_5G,	Rasmussen,	CableBox-9D22,	HUAWEI-B535-FFE8,	Hyggestue TV.m,,	WiFimodem-91EA,	HUAWEI-C0C7CE,	HUAWEI-B535-942A,	ZyXEL_1548
HomeBox-8540_5G,	Kernehuset,	DIRECT-VQDCP-L8410CDW_BR17c0,	HomeBox-8540_2.4G,	HUAWEI-C0C7CE-EXT,	HUAWEI_H122_7F3B,	Zyxel_BAC1,	WiFimodem-C513,	DIRECT-8C-HP ENVY 5640 series,	HUAWEI_H122_7F4B,	delca,	Zyxel_4531,	HUAWEI-B535-942A,	HUAWEI_H122_5291,	WifiA430,	WiFimodem-A5A4,	WiFimodem-BB57,	WiFimodem-EA25-NIKOO,	Nibarai,	vs-044c53,	Hogwarts,	WizardFi,	Greennet,	Hos Preben,	HUAWEI_H122_5291,	HUAWEI_H122_7F3B,	HUAWEI_H122_7F3B_5G,	HUAWEI_H122_5291_5G,	WizardFi,	Hogwarts,	MuggleFi
HomeBox-8540_5G,	Kernehuset,	DIRECT-VQDCP-L8410CDW_BR17c0,	HomeBox-8540_2.4G,	HUAWEI-C0C7CE-EXT,	HUAWEI_H122_7F3B,	Zyxel_BAC1,	WiFimodem-C513,	DIRECT-8C-HP ENVY 5640 series,	HUAWEI_H122_7F4B,	delca,	Zyxel_4531,	HUAWEI-B535-942A,	HUAWEI_H122_5291,	WifiA430,	WiFimodem-A5A4,	WiFimodem-BB57,	WiFimodem-EA25-NIKOO,	Nibarai,	vs-044c53,	Hogwarts,	WizardFi,	Greennet,	Hos Preben,	HUAWEI_H122_5291,	HUAWEI_H122_7F3B,	HUAWEI_H122_7F3B_5G,	HUAWEI_H122_5291_5G,	WizardFi,	Hogwarts,	MuggleFi,	FTTH_RW9977,	TP-Link_6B10,	FTTH_WI0431,	WiFimodem-28B3,	Wifi6D90
HomeBox-8540_5G,	Kernehuset,	DIRECT-VQDCP-L8410CDW_BR17c0,	HomeBox-8540_2.4G,	HUAWEI-C0C7CE-EXT,	HUAWEI_H122_7F3B,	Zyxel_BAC1,	WiFimodem-C513,	DIRECT-8C-HP ENVY 5640 series,	HUAWEI_H122_7F4B,	delca,	Zyxel_4531,	HUAWEI-B535-942A,	HUAWEI_H122_5291,	WifiA430,	WiFimodem-A5A4,	WiFimodem-BB57,	WiFimodem-EA25-NIKOO,	Nibarai,	vs-044c53,	Hogwarts,	WizardFi,	Greennet,	Hos Preben,	HUAWEI_H122_5291,	HUAWEI_H122_7F3B,	HUAWEI_H122_7F3B_5G,	HUAWEI_H122_5291_5G,	WizardFi,	Hogwarts,	MuggleFi,	FTTH_RW9977,	TP-Link_6B10,	FTTH_WI0431,	WiFimodem-28B3,	Wifi6D90,	Rasmussen,	vitke,	Denisova,	zdani,	SoveKarsten TV.v,,	HUAWEI_H122_E253,	Luna2012,	MuggleFi
HomeBox-8540_5G,	Kernehuset,	DIRECT-VQDCP-L8410CDW_BR17c0,	HomeBox-8540_2.4G,	HUAWEI-C0C7CE-EXT,	HUAWEI_H122_7F3B,	Zyxel_BAC1,	WiFimodem-C513,	DIRECT-8C-HP ENVY 5640 series,	HUAWEI_H122_7F4B,	delca,	Zyxel_4531,	HUAWEI-B535-942A,	HUAWEI_H122_5291,	WifiA430,	WiFimodem-A5A4,	WiFimodem-BB57,	WiFimodem-EA25-NIKOO,	Nibarai,	vs-044c53,	Hogwarts,	WizardFi,	Greennet,	Hos Preben,	HUAWEI_H122_5291,	HUAWEI_H122_7F3B,	HUAWEI_H122_7F3B_5G,	HUAWEI_H122_5291_5G,	WizardFi,	Hogwarts,	MuggleFi,	FTTH_RW9977,	TP-Link_6B10,	FTTH_WI0431,	WiFimodem-28B3,	Wifi6D90,	Rasmussen,	vitke,	Denisova,	zdani,	SoveKarsten TV.v,,	HUAWEI_H122_E253,	Luna2012,	MuggleFi,	Zyxel_4531_5G
HomeBox-8540_5G,	Kernehuset,	DIRECT-VQDCP-L8410CDW_BR17c0,	HomeBox-8540_2.4G,	HUAWEI-C0C7CE-EXT,	HUAWEI_H122_7F3B,	Zyxel_BAC1,	WiFimodem-C513,	DIRECT-8C-HP ENVY 5640 series,	HUAWEI_H122_7F4B,	delca,	Zyxel_4531,	HUAWEI-B535-942A,	HUAWEI_H122_5291,	WifiA430,	WiFimodem-A5A4,	WiFimodem-BB57,	WiFimodem-EA25-NIKOO,	Nibarai,	vs-044c53,	Hogwarts,	WizardFi,	Greennet,	Hos Preben,	HUAWEI_H122_5291,	HUAWEI_H122_7F3B,	HUAWEI_H122_7F3B_5G,	HUAWEI_H122_5291_5G,	WizardFi,	Hogwarts,	MuggleFi,	FTTH_RW9977,	TP-Link_6B10,	FTTH_WI0431,	WiFimodem-28B3,	Wifi6D90,	Rasmussen,	vitke,	Denisova,	zdani,	SoveKarsten TV.v,,	HUAWEI_H122_E253,	Luna2012,	MuggleFi,	Zyxel_4531_5G
HomeBox-8540_5G,	Kernehuset,	DIRECT-VQDCP-L8410CDW_BR17c0,	HomeBox-8540_2.4G,	HUAWEI-C0C7CE-EXT,	HUAWEI_H122_7F3B,	Zyxel_BAC1,	WiFimodem-C513,	DIRECT-8C-HP ENVY 5640 series,	HUAWEI_H122_7F4B,	delca,	Zyxel_4531,	HUAWEI-B535-942A,	HUAWEI_H122_5291,	WifiA430,	WiFimodem-A5A4,	WiFimodem-BB57,	WiFimodem-EA25-NIKOO,	Nibarai,	vs-044c53,	Hogwarts,	WizardFi,	Greennet,	Hos Preben,	HUAWEI_H122_5291,	HUAWEI_H122_7F3B,	HUAWEI_H122_7F3B_5G,	HUAWEI_H122_5291_5G,	WizardFi,	Hogwarts,	MuggleFi,	FTTH_RW9977,	TP-Link_6B10,	FTTH_WI0431,	WiFimodem-28B3,	Wifi6D90,	Rasmussen,	vitke,	Denisova,	zdani,	SoveKarsten TV.v,,	HUAWEI_H122_E253,	Luna2012,	MuggleFi,	Zyxel_4531_5G,	Sovev\xC3\xA6relse.v,,	HUAWEI-C0C7CE-EXT
HomeBox-8540_5G,	Kernehuset,	DIRECT-VQDCP-L8410CDW_BR17c0,	HomeBox-8540_2.4G,	HUAWEI-C0C7CE-EXT,	HUAWEI_H122_7F3B,	Zyxel_BAC1,	WiFimodem-C513,	DIRECT-8C-HP ENVY 5640 series,	HUAWEI_H122_7F4B,	delca,	Zyxel_4531,	HUAWEI-B535-942A,	HUAWEI_H122_5291,	WifiA430,	WiFimodem-A5A4,	WiFimodem-BB57,	WiFimodem-EA25-NIKOO,	Nibarai,	vs-044c53,	Hogwarts,	WizardFi,	Greennet,	Hos Preben,	HUAWEI_H122_5291,	HUAWEI_H122_7F3B,	HUAWEI_H122_7F3B_5G,	HUAWEI_H122_5291_5G,	WizardFi,	Hogwarts,	MuggleFi,	FTTH_RW9977,	TP-Link_6B10,	FTTH_WI0431,	WiFimodem-28B3,	Wifi6D90,	Rasmussen,	vitke,	Denisova,	zdani,	SoveKarsten TV.v,,	HUAWEI_H122_E253,	Luna2012,	MuggleFi,	Zyxel_4531_5G,	Sovev\xC3\xA6relse.v,,	HUAWEI-C0C7CE-EXT,	ZyXEL_1548,	MB Hotspot 86413
HomeBox-8540_5G,	HUAWEI_H122_7F3B,	WiFimodem-C513,	DIRECT-8C-HP ENVY 5640 series,	HUAWEI_H122_7F4B,	delca,	HUAWEI_H122_5291,	WifiA430,	vs-044c53,	WizardFi,	HUAWEI_H122_5291,	HUAWEI_H122_7F3B,	HUAWEI_H122_7F3B_5G,	HUAWEI_H122_5291_5G,	WizardFi,	Hogwarts,	MuggleFi,	HUAWEI-C0C7CE-EXT,	Kernehuset,	DIRECT-VQDCP-L8410CDW_BR17c0,	HomeBox-8540_2.4G,	vitke,	WiFimodem-28B3,	zdani,	Zyxel_4531,	HUAWEI_H122_E253,	MuggleFi,	Ultraviolet.m,
HomeBox-8540_5G,	HUAWEI_H122_7F3B,	WiFimodem-C513,	DIRECT-8C-HP ENVY 5640 series,	HUAWEI_H122_7F4B,	delca,	HUAWEI_H122_5291,	WifiA430,	vs-044c53,	WizardFi,	HUAWEI_H122_5291,	HUAWEI_H122_7F3B,	HUAWEI_H122_7F3B_5G,	HUAWEI_H122_5291_5G,	WizardFi,	Hogwarts,	MuggleFi,	HUAWEI-C0C7CE-EXT,	Kernehuset,	DIRECT-VQDCP-L8410CDW_BR17c0,	HomeBox-8540_2.4G,	vitke,	WiFimodem-28B3,	zdani,	Zyxel_4531,	HUAWEI_H122_E253,	MuggleFi,	Ultraviolet.m,,	HUAWEI-B535-942A,	Hos Preben,	Nibarai,	Hogwarts
HomeBox-8540_5G,	HUAWEI_H122_7F3B,	WiFimodem-C513,	DIRECT-8C-HP ENVY 5640 series,	HUAWEI_H122_7F4B,	delca,	HUAWEI_H122_5291,	WifiA430,	vs-044c53,	WizardFi,	HUAWEI_H122_5291,	HUAWEI_H122_7F3B,	HUAWEI_H122_7F3B_5G,	HUAWEI_H122_5291_5G,	WizardFi,	Hogwarts,	MuggleFi,	HUAWEI-C0C7CE-EXT,	Kernehuset,	DIRECT-VQDCP-L8410CDW_BR17c0,	HomeBox-8540_2.4G,	vitke,	WiFimodem-28B3,	zdani,	Zyxel_4531,	HUAWEI_H122_E253,	MuggleFi,	Ultraviolet.m,,	HUAWEI-B535-942A,	Hos Preben,	Nibarai,	Hogwarts,	Zyxel_BAC1,	WiFimodem-A5A4,	WiFimodem-EA25-NIKOO
HomeBox-8540_5G,	HUAWEI_H122_7F3B,	WiFimodem-C513,	DIRECT-8C-HP ENVY 5640 series,	HUAWEI_H122_7F4B,	delca,	HUAWEI_H122_5291,	WifiA430,	vs-044c53,	WizardFi,	HUAWEI_H122_5291,	HUAWEI_H122_7F3B,	HUAWEI_H122_7F3B_5G,	HUAWEI_H122_5291_5G,	WizardFi,	Hogwarts,	MuggleFi,	HUAWEI-C0C7CE-EXT,	Kernehuset,	DIRECT-VQDCP-L8410CDW_BR17c0,	HomeBox-8540_2.4G,	vitke,	WiFimodem-28B3,	zdani,	Zyxel_4531,	HUAWEI_H122_E253,	MuggleFi,	Ultraviolet.m,,	HUAWEI-B535-942A,	Hos Preben,	Nibarai,	Hogwarts,	Zyxel_BAC1,	WiFimodem-A5A4,	WiFimodem-EA25-NIKOO,	AvGEb5GK,	WiFimodem-51EA,	3Bredband-2G-A23277,	Hos Preben 5 GHz
HomeBox-8540_5G,	HUAWEI_H122_7F3B,	WiFimodem-C513,	DIRECT-8C-HP ENVY 5640 series,	HUAWEI_H122_7F4B,	delca,	HUAWEI_H122_5291,	WifiA430,	vs-044c53,	WizardFi,	HUAWEI_H122_5291,	HUAWEI_H122_7F3B,	HUAWEI_H122_7F3B_5G,	HUAWEI_H122_5291_5G,	WizardFi,	Hogwarts,	MuggleFi,	HUAWEI-C0C7CE-EXT,	Kernehuset,	DIRECT-VQDCP-L8410CDW_BR17c0,	HomeBox-8540_2.4G,	vitke,	WiFimodem-28B3,	zdani,	Zyxel_4531,	HUAWEI_H122_E253,	MuggleFi,	Ultraviolet.m,,	HUAWEI-B535-942A,	Hos Preben,	Nibarai,	Hogwarts,	Zyxel_BAC1,	WiFimodem-A5A4,	WiFimodem-EA25-NIKOO,	AvGEb5GK,	WiFimodem-51EA,	3Bredband-2G-A23277,	Hos Preben 5 GHz,	SoveKarsten TV.v,,	WiFimodem-1A1D
HomeBox-8540_5G,	HUAWEI_H122_7F3B,	WiFimodem-C513,	DIRECT-8C-HP ENVY 5640 series,	HUAWEI_H122_7F4B,	delca,	HUAWEI_H122_5291,	WifiA430,	vs-044c53,	WizardFi,	HUAWEI_H122_5291,	HUAWEI_H122_7F3B,	HUAWEI_H122_7F3B_5G,	HUAWEI_H122_5291_5G,	WizardFi,	Hogwarts,	MuggleFi,	HUAWEI-C0C7CE-EXT,	Kernehuset,	DIRECT-VQDCP-L8410CDW_BR17c0,	HomeBox-8540_2.4G,	vitke,	WiFimodem-28B3,	zdani,	Zyxel_4531,	HUAWEI_H122_E253,	MuggleFi,	Ultraviolet.m,,	HUAWEI-B535-942A,	Hos Preben,	Nibarai,	Hogwarts,	Zyxel_BAC1,	WiFimodem-A5A4,	WiFimodem-EA25-NIKOO,	AvGEb5GK,	WiFimodem-51EA,	3Bredband-2G-A23277,	Hos Preben 5 GHz,	SoveKarsten TV.v,,	WiFimodem-1A1D
